meanTemp,TotPrecip,TotSnow,Max24hrPrecip,Max24hrSnow
21,2.72,24.8,0.74,6.7
27.6,4.11,32.5,1.01,12.2
39.3,3.72,11,1.15,6
45.1,5.68,2,1.19,2
54.6,5.26,0,3.23,0
65.8,5.78,0,2.46,0
72.4,1.56,0,0.76,0
72,2.32,0,1,0
65.3,1.9,0,0.94,0
59.8,1.64,0,0.89,0
41.7,5.46,1.8,1.89,1.2
35.6,3.89,5.5,1.01,5
33.7,1.8,1.6,1.04,0.9
32.5,2.64,23.2,1.33,16.5
46.2,1.92,0,0.47,0
51.7,4.62,0,1.44,0
58,3.63,0,1.82,0
68.2,3.58,0,2.04,0
73.2,11.69,0,6.04,0
69.6,1.63,0,1.12,0
68.5,1.22,0,0.36,0
55.2,1.24,0,0.53,0
41.5,6.19,5.7,1.51,4.1
31.3,2.38,4.4,0.52,1.3
27.2,1.41,2.7,1.08,2.5
32,2.64,15.5,0.61,6.4
39.8,4.3,10.1,1.36,4.2
48.7,2.48,3.3,1.38,2.4
61.4,5.34,0,2.06,0
68.7,8.05,0,3.32,0
72,2.63,0,0.86,0
70.4,4.75,0,1.23,0
65.2,3.65,0,1.52,0
55.1,1.97,0,0.99,0
43.8,0.84,0.9,0.41,0.5
30.9,3.01,14.7,0.92,5.6
26.9,6.07,25.3,1.42,5.4
23.6,1.48,14.4,0.54,4.3
33.8,2.49,10.6,0.65,8.4
48.1,5.26,0,1.52,0
57.6,0.83,0,0.37,0
69.3,2.03,0,1.02,0
69.9,3.36,0,0.78,0
69.3,2.07,0,0.78,0
64.4,0.38,0,0.27,0
55.6,3.37,0,1.58,0
44.7,2.59,0,1.48,0
40.4,4.99,3,1.4,1.4
31.9,3.27,8.5,1.08,4
26.8,2.61,10.4,1.52,6.5
37.9,2.04,7.4,0.88,5
47.3,3.79,3,1.2,3
56.2,2.81,0,1.05,0
66.7,1.07,0,0.36,0
73.8,2.04,0,0.7,0
71.9,6.86,0,4.15,0
62.2,6.96,0,3.89,0
54.6,0.06,0,0.04,0
44.6,1.93,0.5,0.74,0.5
31.1,1.48,0.2,0.37,0.2
27.1,3.97,20.7,0.74,7.4
38.1,1.55,0,0.61,0
43.1,5.21,0,1.11,0
49.7,2.48,0,1.06,0
57.4,2.57,0,0.87,0
70.9,4.59,0,1.36,0
72.3,3.54,0,1.19,0
71.1,1.4,0,0.47,0
64.1,3.45,0,1.46,0
49.5,4.03,0,0.89,0
43.6,4.16,0,1.15,0
33.6,5.2,0.5,1.65,0.5
31,2.53,7.4,0.75,4.2
27.9,5.56,27.3,1.75,12.8
34.3,2.91,2.8,0.86,1.2
44.8,1.73,0,0.53,0
56,3.31,0,1.55,0
64.3,1.33,0,0.42,0
70.4,6.06,0,2.33,0
70.4,3.91,0,1.54,0
62.4,1.08,0,0.42,0
53.4,3.58,0,1.25,0
44.2,4.07,0,1.71,0
28.6,3.96,24.2,1.69,8.3
30.7,2.67,16.1,0.92,9.2
32.6,3.28,0,0.85,0
41.6,0.59,0,0.28,0
48.3,1.26,0.2,0.46,0.2
55.2,2.5,0,0.6,0
65.1,2.43,0,0.47,0
72.2,4.77,0,0.98,0
67.5,6.73,0,1.88,0
65,2.44,0,1.25,0
57.9,3.77,0,1.74,0
49.6,4.71,0.5,1.71,0.5
35.9,5.22,0,1.21,0
32.9,1.66,5.1,0.69,3.7
29.6,2.66,8.7,0.97,7
37,1.56,6.5,0.56,3.7
46.8,4.41,0,1.34,0
55.3,3.08,0,1.11,0
65.1,5.56,0,1.65,0
73.6,4.14,0,0.88,0
73.6,2.45,0,0.46,0
62.4,4.47,0,1.69,0
56.6,2.88,0,1.08,0
44.8,1.89,1.4,0.66,0.8
38.8,2.61,4.6,0.86,4
29,3.82,13.5,1.31,4.5
31.7,3.78,19.6,1.04,8
41.4,3,3.6,0.95,2
46.6,7.52,0.6,2.5,0.6
61,2.82,NR,0.86,NR
68.3,2.3,NR,0.68,NR
72.6,1.35,NR,0.64,NR
69.2,2.22,NR,1.16,NR
65.3,0.76,NR,0.16,NR
53.2,2.38,NR,1.94,NR
44.7,3.01,3.2,1.47,3
32.5,4.51,10.6,0.89,6
31.8,2.78,7.7,0.76,3.5
34.1,2.24,10.2,0.8,4.8
38.1,3.02,0.6,1.08,0.6
47.6,1.95,0,1,0
59.7,3.39,NR,1.06,NR
72.4,2.24,NR,0.76,NR
72.8,3.36,NR,1.16,NR
70.5,3.03,NR,1.9,NR
69.4,0.22,NR,0.13,NR
53,5.29,NR,3.23,NR
45.1,4.03,0.1,1.65,0.1
33.2,2.99,7.7,1.27,4.4
30.5,4.09,11.7,0.92,7.4
30.3,4.21,14,1.7,4.8
39.3,4.66,7.3,1.82,4
50.2,3.11,0,1.6,0
60.3,4.51,0,1.36,0
67.2,9.15,0,3.07,0
74,2.43,0,0.94,0
72.1,4.45,0,1.44,0
66.9,1.5,0,0.53,0
58.5,2.18,0,0.81,0
49.5,0.82,0,0.35,0
36.6,2.9,1.4,0.89,1.2
38.8,4.24,1.7,1.7,0.7
30.7,1.74,10.8,0.71,8
35.6,5.28,5.8,2.43,2
47.5,1.67,0,0.87,0
60.3,1.63,0,0.67,0
66.5,2.05,0,1.1,0
72.8,2.1,0,0.52,0
74,4.24,0,1.5,0
65.1,4.43,0,3.1,0
57.3,7.18,0,3.13,0
42.8,5.24,0,2.33,0
38.1,1.78,8.6,0.38,2.5
38,1.21,1.3,0.45,0.7
33.7,3.77,20.6,0.98,10.5
35.7,6.81,5.1,1.85,1.2
46.5,7.37,5,1.46,5
61.6,2.74,0,1.3,0
69.4,1.22,0,0.42,0
70.7,2.63,0,1.09,0
71.6,3.41,0,0.75,0
65.8,10.94,0,5.63,0
52.5,3.11,0,1.03,0
38.3,0.65,2.9,0.18,2
26.9,2.93,15.6,0.78,9.4
29.6,1.77,0.8,0.57,0.4
17.5,4.45,32.9,1.87,13
35,4.04,10.5,1.22,5
48,3.21,0,0.92,0
60.6,1.56,0,0.73,0
66.9,3.21,0,0.63,0
73.1,1.25,0,0.33,0
67.3,1.83,0,0.58,0
64.5,5.65,0,1.19,0
49.5,2.94,0,0.73,0
45.6,1.78,0,0.75,0
28.5,1.64,1.6,0.76,1
23.2,6.13,15.5,2.19,3.5
27.9,3.26,13.1,0.82,5.3
38.4,1.52,2.1,0.8,1.5
45.2,4.77,1.9,1.72,1
55.5,1.35,0,0.95,0
65.5,5.07,0,1.15,0
72.6,1.1,0,0.43,0
70.7,2.14,0,1.4,0
61.5,2.69,0,1.3,0
53.8,0.34,0,0.17,0
45.4,3.91,1,1,1
27.1,0.66,0.3,0.26,0.3
28.2,6.46,13.2,1.46,10
22.8,3.66,12.6,1.46,8.9
41.8,6.4,3.3,1.55,2.7
45.3,3.54,0,1.15,0
60.6,1.7,0,0.59,0
66.4,2.37,0,1.07,0
71.1,1.02,0,0.48,0
69.7,5.15,0,1.44,0
62.6,3.79,0,2.1,0
54.5,2.67,0,1.63,0
39.5,1.33,4.4,0.39,3.8
34.9,8.18,0.7,1.81,0.7
37.4,3.93,2,0.66,0.8
33.2,1.31,0,0.63,0
34.1,3.57,1.9,1.15,0.9
45.3,5.34,0,1.89,0
59.1,2.52,0,0.79,0
66.4,3.45,0,1.4,0
73.2,1.17,0,0.35,0
74.5,4.94,0,1.48,0
62.9,3.69,0,1.76,0
52.6,3.95,0,1.36,0
44,4.66,0.3,1.98,0.3
31.2,4.7,4.6,2.91,2.2
28,4.91,34,1.4,11
30.6,2.22,10,0.59,5
39.1,2.42,0.4,0.69,0.3
48.7,3.22,0.9,0.85,0.9
55.8,4.42,0.9,1.57,0.9
67.3,6.3,0,1.73,0
71.8,9.46,0,2.33,0
73.6,3.31,0,1.67,0
62.2,5.43,0,1.5,0
56,1.82,0,1.1,0
46.4,2.86,5.5,1.24,4.3
34,2.8,1.9,0.84,0.9
27.9,2.18,7,1.01,3.2
32.4,3.79,4.7,0.74,3.9
32.9,5.23,18.3,1.44,6
43.4,4.54,0.2,1.13,0.2
56.4,1.29,0,0.55,0
65.7,2.7,0,0.7,0
72.3,0.75,0,0.37,0
73.8,2.14,0,0.56,0
64.5,1.01,0,0.25,0
54.1,4.77,0,2.54,0
40.8,1.14,1,1.01,1
33.4,2.91,6.5,0.96,5.8
23,1.67,4.6,0.97,2
29.6,4.74,23.8,1.35,10.6
33.1,3.83,0.3,1.21,0.3
43.6,4.58,1.5,0.84,1.3
56.3,3.28,0,1.33,0
65,1.8,0,0.45,0
71.5,3.15,0,1.48,0
68.5,0.85,0,0.48,0
63.3,2.32,0,1.11,0
50.6,0.76,0,0.37,0
42.9,6.23,9.5,1.32,8
34.3,2.76,3.5,1.02,2.3
25.3,4.21,20.1,1.03,6.3
29.4,1.7,1.9,1.27,1.3
33.4,3.4,12.5,1.75,8.2
51.6,1.7,0,0.7,0
59.9,2.43,0,0.71,0
68.2,4.29,0,1.31,0
71.4,2.9,0,1.37,0
70.6,1.55,0,0.66,0
66,1.18,0,1.09,0
55.9,1.92,0,0.46,0
48,2.4,0,1.33,0
35.2,3.19,0.2,1.65,0.2
28.5,3.69,8.2,1.81,4.5
27.3,3.54,6.2,1.4,4.1
40.8,7,7.8,1.48,3.8
49.8,1.6,1.5,0.49,1.5
60.7,2.11,0,0.67,0
67.7,4.24,0,1.54,0
71.1,4.14,0,1.11,0
70.7,2.09,0,0.69,0
64.5,1.96,0,1.1,0
55.8,2.78,0,1.11,0
43.5,4.69,0,0.98,0
28.6,4.72,6.8,1.57,3.8
25.5,3.74,26.4,1.29,10.5
30.6,1.23,4.5,0.33,2.5
36,4.02,8,2.15,4.2
43.4,2.61,0,0.46,0
57.6,4.56,0,0.94,0
71.1,1.49,0,0.62,0
74.1,3.91,0,0.96,0
71,1.28,0,0.7,0
62.9,1.41,0,0.41,0
53.9,4.82,0,1.95,0
43.3,2.16,0,0.5,0
30.1,0.99,0.3,0.59,0.3
30.9,2.03,5.1,1.16,2.1
29.6,2.15,9.6,0.5,6.8
34.1,3.92,12.7,1.17,10.2
44.7,3.52,0,1.83,0
63.2,0.25,0,0.1,0
67,5.35,0,2.07,0
73.8,1.61,0,1,0
74.7,1.79,0,1.05,0
65,5.36,0,2.46,0
53.7,2.58,0,1.78,0
43.2,5.68,1.2,2.17,1.2
30.8,2.83,10.7,0.83,3.8
23.7,4.39,42.3,0.86,20
30.5,4.09,26.3,1.52,12.7
46.3,1.9,0.5,0.64,0.3
52.5,2.02,0,0.59,0
55.1,4.47,0,0.94,0
66.6,6.44,0,2.4,0
71.9,2.12,0,0.97,0
70.7,4.27,0,1.45,0
67.1,1.81,0,0.69,0
53.1,2.23,0,0.74,0
45.5,6.86,4.9,1.56,3.4
28.5,7.42,24.6,2.46,10
28.3,4.18,9.8,1.27,3.5
27.6,3,9.8,0.91,6.7
47.2,1.5,0.2,0.58,0.2
46.1,2.62,1.5,0.92,1.3
58,4.91,0,1.17,0
67.5,2.76,0,1.07,0
70.9,2.22,0,1.26,0
67.8,9.92,0,2.19,0
65.9,2.04,0,1.19,0
58.4,0.34,0,0.19,0
47.9,0.98,0,0.53,0
34.8,3.6,4.9,1.91,3.1
32.6,2.45,4,0.91,2.4
29.6,1.44,9,0.95,8.5
37.7,2.3,0.9,1.61,0.8
47.1,4.15,0.6,1,0.2
56.9,4.36,0,0.91,0
65.4,2.88,0,1.11,0
74.3,3.98,0,1.01,0
73.1,2.19,0,1.06,0
64.7,1.24,0,0.52,0
61.5,1.13,0,0.44,0
41.2,5.13,1.1,3.11,1
30.4,3.95,26.8,1.22,8.3
23.3,5.11,32.5,1.11,7.3
26.9,2.08,17,0.83,6.6
38,3.14,11.8,0.86,6.5
48,2.62,0,0.64,0
55,5.37,0,1.52,0
63.6,4.5,NR,0.78,NR
74.5,4.53,0,0.9,0
73.7,1.24,0,0.46,0
65.7,0.67,0,0.26,0
54.3,4.84,0,1.34,0
49.6,5.16,1.1,1.81,1.1
36.3,1.25,5.5,0.52,4.6
34.7,3.21,13.7,0.69,6.5
34.4,3.25,6.9,0.65,4.1
39.2,1.66,9.9,0.54,4.8
50.9,3.23,0,0.77,0
60.3,2.53,0,0.81,0
71.6,0.93,0,0.69,0
76.3,1.1,0,0.27,0
74.4,2.12,0,0.53,0
63.2,6.47,0,2.11,0
58.4,1.6,0,0.88,0
43.7,3.71,1.4,1,1.2
36.8,1.64,2.4,0.31,1.4
36.2,3.86,7.9,0.72,3.9
27.7,3.81,15.2,1.31,5.9
33.7,2.99,5.1,1.21,2
46.7,2.38,0,0.52,0
55.8,1.55,0,0.39,0
69.1,1.1,0,0.44,0
73.5,1.45,0,0.98,0
70.8,3.14,0,1.32,0
61.5,0.89,0,0.22,0
56.3,1.99,0,1.28,0
47.8,6.17,0,2.04,0
35.5,3.37,2.7,1.18,1.7
34,4.04,13.9,0.96,6.3
34.7,3.71,9.2,0.95,4.8
39,4.41,3.9,1.03,1.9
51,3.06,0,1.38,0
59.1,4.81,0,1.73,0
66,4.31,0,1.64,0
74,2.13,0,0.68,0
70.6,3.23,0,1.34,0
65.5,2,0,0.59,0
54.8,3.98,0,1.06,0
42.6,6.6,0,1.54,0
35,4.69,8.4,1.44,3
32.6,4.31,10.7,1.06,4.7
32.5,4.71,12.1,1.6,4.5
37.2,4.41,1.4,1.28,0.6
50.6,4.41,0,1.84,0
57.2,3.57,0,1.39,0
70.6,3.26,0,0.67,0
77.5,0.52,0,0.17,0
72.1,6.86,0,2.49,0
66.3,1.13,0,0.54,0
53,1.61,0,0.54,0
44.9,1.72,0,1.14,0
35.6,4.09,2.4,0.99,1.6
34.2,6.28,13.6,1.96,8.4
35,4.14,11.4,1.56,5.8
39,11,0.2,2.53,0.1
48.9,6.04,2.2,1.76,1.6
58.4,5.06,0,1.45,0
70.2,0.48,0,0.26,0
73.2,2.76,0,1.16,0
72,1.81,0,0.93,0
66.3,2.5,0,1.04,0
56.2,4.91,0,1.39,0
48.6,7.66,0,2.54,0
40.1,5.09,0,1.68,0
25.9,3.26,22.8,0.65,4.8
36.4,3.37,1.9,0.81,0.5
38.8,3.33,0.4,0.95,0.3
50.1,5.25,2.1,2.47,2.1
56.3,13.38,0,4.47,0
66.6,2.78,0,0.78,0
72.1,2.5,0,0.86,0
70.1,5.64,0,2.58,0
63.2,8.31,0,5.63,0
58.6,3.58,0,1.35,0
44.4,5.34,0,1.75,0
34.4,5.4,13.9,1.35,6
28.5,0.92,0.9,0.62,0.3
32,4.11,6.5,1.67,3.8
37.6,5.42,7,1.72,4.2
49.2,4.12,0.4,1.26,0.4
62.7,0.99,0,0.29,0
66.8,3.52,0,1.96,0
77.2,4.28,0,2.39,0
74.5,17.09,0,7.06,0
64.5,2.4,0,1.25,0
55.1,6.94,0,2.49,0
41.9,5.68,2.5,2.18,2.3
26.6,1.03,1.8,0.9,0.8
30.6,6.99,7.7,1.52,6.1
32.5,4.36,14.5,0.74,6.7
33.5,5.39,25.8,1.25,13.2
45.6,2.94,3.2,0.83,3.1
55.4,1.85,0,0.54,0
68.9,2.03,0,1.11,0
71.5,3.32,0,1.04,0
71.8,1.46,0,0.58,0
61.1,5.07,0,1.29,0
54.3,4.39,0,2.33,0
46.1,3.46,0.6,1.64,0.6
36,6.13,15.4,1.29,5
23.4,2.47,20.6,0.72,9.5
34.6,1.34,2.8,0.43,1.5
39,3.38,11.5,0.91,6.4
49.4,3.78,1.1,1.68,0.7
59.8,3.63,0,0.9,0
71.3,1.62,0,0.52,0
74.1,0.64,0,0.3,0
69.3,1.71,0,0.66,0
67.3,0.35,0,0.16,0
54.5,2.67,0,0.79,0
47.1,5.75,0.1,1.42,0.1
40,6.58,0,1.9,0
31,9.54,6.6,1.79,3.1
25.5,5.87,23.9,2.64,19.3
39,4.48,12,1.93,4.2
48.7,7.82,2.1,1.6,2.1
56.6,4.45,0,0.97,0
63.9,2.96,0,0.85,0
72.4,3.91,0,1.08,0
72.4,5.37,0,1.18,0
64.6,7.5,0,2.07,0
52.6,4.62,0,1.29,0
46.5,3.35,0.1,0.81,0.1
26.4,1.78,4.6,1.22,2
28.7,2.72,4.1,1,1.5
26.7,3.45,10.7,0.77,3.9
37,5.81,14.6,1.4,6.4
48.9,4.44,0,0.78,0
62.6,1.24,0,0.42,0
64.6,8.2,0,1.81,0
74.7,8.12,0,2.36,0
74.1,2.93,0,0.94,0
68.1,0.63,0,0.32,0
55,4.6,0,1.2,0
44.4,4.2,0.6,0.97,0.5
36.3,4.64,5.5,1.18,2.6
30.9,3.04,10.2,0.92,3.3
35.3,4.84,2.3,1.34,0.7
32.7,3.23,22.3,1.22,11.4
48.3,3.51,0,1.38,0
59.7,3.8,0,1.02,0
69.6,3.46,0,2.46,0
73.1,5.18,0,2.05,0
72.2,1.64,0,0.67,0
63.7,5.97,0,2.95,0
53.9,2.48,0,1.14,0
48,2.49,0,1.07,0
29.5,4.82,16.9,1.81,13
25,2.92,18.7,1.22,11.8
31.6,4.94,14.9,2.55,14.4
36.8,4.71,9,1.31,2.9
45.2,6.59,2,1.63,1.4
56.3,4.51,0,1.48,0
68.9,1.67,0,0.42,0
72.1,3.29,0,0.76,0
72.5,3.17,0,1.64,0
68.9,7.04,0,2.9,0
57.3,2.46,0,1.48,0
44.6,3.18,0.9,0.96,0.6
32.8,3.36,11.4,0.88,7.5
28.7,3.11,2.5,1.34,1.5
26.7,4.16,28.7,1.1,8.2
38.5,1.48,1.1,0.94,0.5
49.3,3.85,0.1,2.02,0.1
57.2,1.86,0,0.96,0
68.4,2.33,0,0.81,0
70.3,1.61,0,0.85,0
69.9,3.72,0,1.69,0
62.9,4.1,0,2.37,0
54.1,8.68,0,3,0
41.7,3.8,0.9,1.14,0.6
30,4.53,5.3,1.52,3.6
29.5,3.13,6.5,0.84,5
25.9,2.6,4.6,1.03,3.2
39,4.39,13.6,1.29,5
48.9,1.48,0,0.51,0
59.4,2.86,0,0.76,0
69.4,1.92,0,0.69,0
74.7,1.72,0,0.51,0
70.4,1.67,0,0.41,0
60.8,3.05,0,1.46,0
60,1.25,0,1.04,0
48.3,7.74,0,2.34,0
25.8,3.03,17.7,0.66,4.8
31.7,4.56,14.4,1.09,8.6
29.1,4.67,23.2,1.32,9.1
38.7,3.48,7.7,1.44,4.5
46.1,3.69,0,1.03,0
60.3,0.53,0,0.37,0
67,1.91,0,0.87,0
71.5,3.12,0,1.18,0
66.4,1.78,0,0.7,0
62,2.65,0,0.72,0
52.5,2.82,0,0.89,0
44.1,2.18,0,1.1,0
32.4,5.08,12.2,1.71,5.4
25.4,2.64,22.2,1.21,6.9
27.9,3.17,4.7,1.87,1.9
35.8,2.22,9.7,0.52,3.7
44.2,2.32,1.6,0.61,1.6
59.5,0.93,0,0.52,0
67.4,2.99,0,1.2,0
71,0.55,0,0.3,0
70.5,1.48,0,0.67,0
62.5,2.01,0,1.16,0
52.8,1.59,0,0.62,0
42.1,2.08,0,0.62,0
36.1,1.73,2.3,0.88,1.1
28.8,5.29,26.4,1.48,7.4
31.3,3.48,12.1,1.65,9
39.7,1.98,3.3,0.41,2.5
45.9,1.24,0,0.41,0
57.2,2.66,0,0.7,0
69.4,3.4,0,1.17,0
74.9,3.21,0,0.91,0
71.2,1.25,0,0.57,0
63.5,3.42,0,1.22,0
54.4,2.62,0,1.13,0
46.8,4.43,0,1.58,0
34.2,3.03,9.9,0.85,4
35.1,2.28,0.5,1.04,0.5
26.4,4.05,23.5,1.35,9.4
33.1,4.67,22.9,1.91,9.9
44.9,4.83,3.3,0.79,2.6
51.6,7.32,0,2.63,0
67.2,3.48,0,1.43,0
72.9,2.47,0,1.03,0
70.8,5.74,0,2.6,0
62.7,2,0,1.48,0
53.7,0.96,0,0.25,0
40.1,3.38,2.2,0.74,2.2
34.9,6.42,14.7,1.7,6
25.5,3.85,17.7,1.17,6.6
26,1.15,3.4,0.43,1.9
39.1,7.86,6.8,3.49,3.2
49.6,1.72,0,0.87,0
56.1,3.26,0,1.13,0
64.8,5.65,0,1.29,0
75.2,0.55,0,0.3,0
70.7,1.63,0,0.74,0
64.9,1.79,0,0.77,0
57.9,1.85,0,1.04,0
43.8,6.74,0.4,1.77,0.4
30.9,6.23,5.1,2.15,1.6
29.3,2.26,0.9,0.76,0.7
29.4,7.08,41.3,2.42,13.7
35.4,2.63,6.1,1.05,5.1
50.6,4.37,0,1.42,0
58.5,1.96,0,1.23,0
69.3,0.63,0,0.25,0
71,2.98,0,0.82,0
74.3,1.89,0,0.49,0
63.7,4.42,0,2.19,0
54.3,1.64,0,0.79,0
44.9,8.18,0,1.77,0
33.4,9.74,12.6,3.51,4.1
23,0.89,9.2,0.25,2.2
32.3,4.65,10.5,1.27,5.2
37.4,4.32,18.2,0.74,7.3
49,2.79,0.1,1.83,0.1
59.6,3.01,0,1.22,0
67,4.62,0,1.65,0
74.2,1.27,0,0.66,0
73.6,4.12,0,1.55,0
65.6,2.6,0,0.64,0
54.9,2.63,0,1.62,0
44.8,4.09,0,0.96,0
28.9,6.92,27.9,2.82,6.9
23.7,1.88,12,0.44,4.9
30.4,5.05,8.1,1.3,2.7
36.7,3.08,7.4,0.96,4
45.1,2.92,1.9,1.12,1.6
55.7,3.72,0,1.05,0
69.1,1.74,0,0.56,0
73.4,2.84,0,0.82,0
73.4,1.59,0,0.76,0
67.9,1.55,0,0.69,0
59.8,2.16,0,1.3,0
43.1,6.74,2.8,2.59,1.2
36.3,2.4,7.9,0.82,2.7
33,2.05,7.8,0.37,3
29.6,5.74,21,2.4,5.8
36.3,5.37,12.1,1.95,6
44.9,3.34,0.4,0.81,0.3
57.6,5.26,0,1.14,0
65.4,6.76,0,1.09,0
73.7,2.19,0,1.03,0
71.5,0.83,0,0.18,0
65.7,5.94,0,3.15,0
51.8,2.98,0,1.51,0
42.3,7.02,0.6,1.8,0.6
33,6.08,3.3,1,1.4
31.4,3.12,3.6,1.27,1.7
30.1,2.13,2.5,1.11,1.1
43.3,2.2,0.3,0.69,0.3
49.9,5.65,0,1.36,0
57,3.76,0,0.86,0
70,4.68,0,1.29,0
74.2,4.83,0,1.73,0
74.8,2.78,0,1.22,0
64.4,1.95,0,1.03,0
55.6,2.71,0,0.99,0
45.8,1.74,0,0.55,0
39.5,7.2,0,2.64,0
31.7,3.22,16,0.66,7.4
29.1,3.24,17.8,1.13,11.1
38.7,4.01,0.1,2.07,0.1
50.8,3.86,3,1.01,3
54.7,2.87,0,0.66,0
64.8,2.29,0,0.89,0
72.4,1.54,0,0.76,0
72,3.41,0,1.29,0
63.7,7.03,0,1.93,0
50,3.12,0,2.64,0
45.3,1.73,2,0.35,1
37.7,3.92,3.6,1.63,3.3
34.9,5.7,2.2,1.46,0.8
32,3.37,17,1.34,7.6
36.8,2.74,1.8,0.74,1
45.1,2.4,1,1.4,0.4
61.4,1.78,0,0.91,0
67.5,2.1,0,1.06,0
75.9,2.35,0,1,0
72.9,5.52,0,2.26,0
63.9,5.49,0,1.67,0
57.3,4.41,0,1.97,0
51.8,5.13,0.1,1.59,0.1
34.4,4.8,19.3,1.48,10.1
26.1,5.29,16.8,1.01,6.7
37.3,2.45,1.4,0.75,0.9
41.1,2.42,10.8,0.62,3.5
55.1,2,0,0.69,0
60.2,1.98,0,0.51,0
73.4,0.58,0,0.26,0
72.9,4.3,0,2.1,0
71.9,7.99,0,2.25,0
64.9,1.56,0,0.57,0
52.3,4.16,0,1.85,0
41.9,0.64,1,0.32,1
29,3.35,17.2,1.14,11.3
23.2,4.41,23.2,1.71,13.8
30.7,2.4,5.9,0.7,3.7
44.7,4.76,10.7,1.23,9.4
51.3,4.07,0,1.29,0
62.6,3.52,0.5,2.29,0.5
67.4,2.49,0,0.66,0
74.9,2.21,0,1.19,0
73.4,2.91,0,0.69,0
64.4,4.03,0,1.54,0
55.3,4.63,0,0.87,0
48.1,2.54,0.7,1.08,0.7
34.2,6.2,5.2,1.35,1.5
28.4,8.12,35.9,2.05,21
27,2.87,27.2,1.93,19
36.2,2.46,16.1,0.79,8.2
48.8,1.79,0,0.75,0
59.3,4.5,0,1.73,0
68.2,1.53,0,0.37,0
72,1.48,0,0.81,0
71.6,4.62,0,1.47,0
61.4,1.3,0,0.71,0
52.5,3.13,0,0.85,0
43.5,2.21,4.2,0.61,2.1
35.3,3.63,5.8,1.18,4.6
32.5,10.55,10.5,2.52,4.2
23.1,3.46,6.6,1.75,3.1
42.5,3.03,0,1.11,0
48.7,3.19,0.4,1.19,0.3
61.1,4.24,0,0.8,0
68.2,0.86,0,0.31,0
74.5,2.36,0,0.94,0
71.7,5.02,0,1.78,0
64.9,3.61,0,1.08,0
52.6,3.14,0.2,1.18,0.2
48.6,3.29,0,1.39,0
36.6,1.42,2,0.49,1.5
29.4,0.74,0.4,0.32,0.4
27.8,0.88,6.5,0.56,5.3
36.8,5.37,3.6,1.46,3
48.7,4.36,0,1.7,0
59.4,2.3,0,0.68,0
66.3,3.05,0,1.49,0
75.8,2.2,0,1.35,0
74.2,1.55,0,0.37,0
66.9,0.82,0,0.32,0
52.4,4.14,0,1.84,0
41.2,3.01,2.4,1.22,2.2
28.6,0.97,5.6,0.45,3.2
21.4,0.95,11.9,0.22,3
36.4,6.65,1.9,2.15,1.9
39.1,0.62,0.5,0.24,0.4
51.7,3.14,0,0.72,0
60.4,1.17,0,0.68,0
70.7,1.65,0,0.41,0
74.6,3.47,0,0.7,0
72,1.04,0,0.86,0
63.6,2.54,0,0.46,0
51.2,3.43,0,0.65,0
43.8,4.78,0,1.68,0
33.2,6.27,17.6,1.51,11.9
22.9,4.69,18,1.57,7
30.8,2.66,7.6,0.9,3.1
38.6,2.17,5.3,0.44,1.7
48.2,3.42,13.3,1.1,10.8
57.8,2.58,0,0.7,0
63.3,13.2,0,2.94,0
74.8,4.22,0,1.78,0
70.3,2.22,0,1.51,0
64,1.57,0,0.51,0
54.2,3.19,0,1.12,0
47.6,3.42,0,1.56,0
39.5,1.27,5.5,0.38,1.4
31.2,5.03,4.7,1.44,2.7
32.8,5,22.3,1.59,11.5
40.6,9.72,0.2,2.24,0.2
49.1,6.86,0,2.08,0
58.1,2.94,0,0.81,0
70.7,1.07,0,0.5,0
78,1.07,0,0.27,0
73.6,3.28,0,1.06,0
70.6,1.06,0,0.69,0
55.1,3.74,0,0.97,0
46.1,8.89,0,2.76,0
32.1,4.94,2.6,1.2,1.8
26.6,2.31,21.1,0.57,5.9
37.5,7.81,0.3,1.84,0.3
31.8,6.82,37.4,1.85,18.4
46.1,4.43,0,1.37,0
58,8.77,0,4.12,0
70.5,3.06,0,1.22,0
74.7,4.43,0,1.19,0
74.6,1.6,0,0.64,0
62.1,1.22,0,0.54,0
53.2,5.18,0,2.81,0
44.5,1.68,0,0.81,0
39.5,2.93,3.7,0.92,2.1
24.3,1.12,7,0.2,1.9
32.8,1.83,12.9,0.54,5.7
40.3,2.29,3.7,0.92,1.9
49.2,1.62,2,0.78,2
59.2,3.36,0,1.55,0
64.8,3.94,0,0.94,0
73.5,3.51,0,1.05,0
70.3,6.67,0,3.58,0
65.4,3,0,1.19,0
55.4,1.65,0,0.37,0
45.4,6.39,3,2.24,1.3
31.3,1.21,1.3,0.35,0.6
31.4,3.42,0.8,0.82,0.4
28.8,2.83,10.4,0.72,3.5
40.7,3.42,2.6,1.79,2
48.4,1.59,0,0.37,0
58.4,1.31,0,0.37,0
66,7.74,0,2.98,0
71,3.96,0,1.38,0
70.5,3.32,0,1.06,0
63.2,1.08,0,0.65,0
54,3.27,0,1.07,0
42.3,6.01,3.5,1.33,3
35.5,6.38,3.4,1.82,2.7
28.9,7.28,24.3,2.24,5.3
29.1,0.72,3.7,0.7,3.6
38.5,4.27,3.5,1.89,1.2
45.1,9.46,4.1,2.52,3.2
57.1,1.75,0,0.65,0
65.1,2.62,0,1.45,0
71.6,0.82,0,0.7,0
70.3,2.93,0,1.13,0
65.4,7.29,0,2.3,0
54.3,2.73,0,1.57,0
43.8,3.49,9,0.89,5.9
36.1,2.12,7.5,0.76,6.2
27.8,2.5,17,0.81,9
32.1,3.93,14.1,1.85,7.6
39.2,3.52,5,1.55,3.4
46.8,1.47,0,0.68,0
57.6,2.86,0,1.03,0
68.5,1.29,0,0.31,0
73.7,7.62,0,2.4,0
75.5,1.11,0,0.4,0
64.6,1.29,0,0.86,0
50.8,1.6,0,0.7,0
46.7,6.57,0,2.25,0
32.8,1.02,3.7,0.41,3.1
34.5,0.61,1.5,0.18,0.8
30.5,2.51,6.7,1.09,2.1
37.2,3.07,3.2,0.91,1.4
45.9,3.58,0.4,0.95,0.4
59.3,3.54,0,1.42,0
67.8,2.84,0,0.74,0
72.7,5.09,0,1.37,0
71.6,5.92,0,2.13,0
64.7,4.61,0,1.35,0
55.2,5.71,0,1.18,0
42.7,4.13,4.5,1.18,4.4
21.7,0.81,6.2,0.23,2.9
36.4,3.78,7,1,3.5
34.1,3.6,16.9,0.88,5.7
40.1,1.71,4.1,0.56,3.6
47.6,5.94,0.5,2.3,0.5
54.9,6.53,0,1.63,0
66.6,0.69,0,0.31,0
73.1,4.08,0,1.92,0
73.3,6.57,0,2.8,0
64.6,1.67,0,0.57,0
58.3,7.36,0,3.34,0
48.5,1.39,0,0.57,0
40.7,3.18,1.2,1.07,1.2
29.4,3.24,11.7,0.92,4.3
36,1.58,2.8,0.67,1.1
41.5,4.33,3.4,1.43,1.2
51.3,4.84,0,3.32,0
63.2,0.92,0,0.38,0
70,2.89,0,0.71,0
74.6,1.95,0,0.86,0
73.7,5.27,0,2.21,0
63.7,6.32,0,2.42,0
56.4,4.27,0,1.54,0
45.2,4.06,0,1.1,0
35.9,2.58,5.8,0.77,2.8
31,3.11,0.4,1.3,0.3
32.4,2.28,4,0.57,1.7
35.4,3.59,10.8,0.94,5.4
46.3,2.34,1,0.76,1
55.5,1.4,0,0.76,0
67.7,4.61,0,1.94,0
69.4,2.66,0,0.47,0
70.3,4.25,0,1.14,0
63.9,3.46,0,1.22,0
52.4,1.62,0,0.55,0
42.9,6.14,0.6,3.31,0.6
34.8,8.26,9.7,4.21,9.2
32.4,2.17,12.9,0.68,6.4
27.1,4.94,19.6,1.4,5.9
36.4,7.67,38.9,1.83,12.3
48.3,4.86,2.2,1.33,2.1
60.3,1.04,0,0.27,0
69.4,1.75,0,0.56,0
74.7,1.75,0,0.62,0
73.5,1.32,0,0.65,0
64.8,4.64,0,1.26,0
52.3,3.61,0,0.98,0
45.6,2.86,0,0.88,0
34.2,6.6,11.6,2.76,8
22.2,5.22,33.7,1.19,7.9
26.9,2.95,36.2,0.67,12.4
38.1,7.49,14.8,2.05,6.7
51.4,2.25,0,0.72,0
58.4,5.35,0,1.39,0
71.9,0.86,0,0.31,0
77.5,1.8,0,0.82,0
72.4,7.03,0,2.37,0
64.2,4.58,0,2.64,0
55.5,0.41,0,0.18,0
48.9,4.31,0.1,1.33,0.1
38.5,5.37,1.5,1.42,0.5
34.6,4.33,4.4,1.2,2.2
28.4,2.57,8.5,0.84,6.5
38.8,2.2,0.4,0.82,0.3
46.1,1.4,0,0.55,0
57.2,1.82,0,0.48,0
68.6,1.55,0,0.53,0
75.9,2.06,0,0.88,0
72.8,0.82,0,0.63,0
63.1,3.6,0,2.77,0
58.3,6.42,0,1.79,0
41.9,5.13,4.1,1.34,3.9
31.7,3.2,24.1,0.77,7.7
30.1,7.44,39.8,1.82,13.2
30.9,3.17,15.5,0.74,4.9
36.5,2.36,16.8,0.55,6.5
47.9,4.38,7.3,1.57,5.4
57.4,2.73,0,0.64,0
68.1,1.03,0,0.28,0
71.8,5.23,0,3.36,0
70.9,1.54,0,0.38,0
64.1,6.09,0,1.83,0
53.2,10.66,0,6.11,0
40.3,2.18,1.8,1.75,1.4
39.2,5.71,5,1.09,3.4
29.2,2.34,9.7,0.71,4.6
36,1.28,4.8,0.64,3.1
36.7,4.68,8.2,1.41,4.1
46.3,3.46,22.4,0.87,22.4
56.1,2.63,0,0.92,0
68.2,1.41,0,0.71,0
73.6,0.63,0,0.14,0
71.1,3.01,0,0.85,0
64.2,1.02,0,0.4,0
52.8,1.78,0,0.68,0
41.6,5.86,3.9,1.48,2.8
35.2,2.29,7.8,0.74,6.8
33.9,4.76,10,1.53,2.6
35.2,5.54,0.3,2.28,0.3
41.5,4.15,3.6,2.14,3.5
49.4,3.58,0,1.14,0
60.3,6.84,0,1.5,0
64.6,11.59,0,5.69,0
74.3,2.47,0,0.73,0
72.5,3.37,0,1.52,0
66.3,3.03,0,1.88,0
54.4,5.38,0,1.85,0
44.6,1.38,0,0.62,0
39.1,1.59,0.8,0.47,0.4
29.5,5.69,16.8,1.67,7.8
33.6,3.51,7.4,1.29,6
39.3,2.52,11.4,0.7,4.2
49.2,0.83,0,0.33,0
58.2,2.7,0,0.73,0
71,0,0,0,0
75.7,3.51,0,1.03,0
71.3,1.33,0,0.49,0
67.1,9.86,0,4.71,0
53,4.3,0,1.08,0
48,2.14,0,0.74,0
37.3,1.52,0,0.88,0
27.5,2.62,13.7,0.76,5.6
34.2,2.55,9.2,0.98,6.5
43.3,3.59,2,1,2
47.3,5.02,0,1.5,0
57.2,2.88,0,0.71,0
67.3,6.61,0,4,0
70,5.2,0,1.35,0
70.3,2.22,0,0.91,0
63.5,2.87,0,0.94,0
53.9,2.86,0,1.03,0
43.8,4.51,0,1.46,0
29.2,4.67,4.5,2.67,1.4
30,1.58,12.4,0.42,6.4
31.7,1.37,9.8,0.61,2.9
35.3,7.57,19.2,2.59,6.2
48.7,0.88,0,0.33,0
59.5,1.23,0,0.49,0
71.1,4.99,0,2.26,0
69.9,2.13,0,0.67,0
73.9,4.14,0,1.57,0
65.3,2.29,0,0.73,0
56.2,0.98,0,0.77,0
48.3,0.73,0,0.19,0
40.5,2.83,5,0.77,3
36.7,3.14,7.9,0.8,3
36.3,1.81,0.5,0.54,0.3
40.2,3.52,1.4,0.61,0.7
49.7,2.61,0.3,0.93,0.3
57.7,4.48,0,1.56,0
66.5,4.77,0,1.32,0
75.2,1.42,0,0.61,0
75.2,2.13,0,0.84,0
68.4,3.39,0,0.91,0
52.4,3.47,0,1.74,0
42.9,5.03,3.6,1.25,3.5
33.1,5.3,11.1,1.99,3.4
24.1,1.81,4.2,0.51,1.4
26.3,4.21,41.6,1.57,23.6
37.6,4,8.1,1.3,5.8
44.5,4,2.3,1.27,1.6
55.1,4.12,0,1.47,0
65.4,4.69,0,1.76,0
74.3,2.11,0,0.63,0
74.2,2.89,0,0.89,0
65.7,2.65,0,1.05,0
53,6.2,0,2,0
45.9,2.63,0,0.69,0
36,5.06,21.5,1.49,11.9
20.7,1.01,4.9,0.29,1.6
33,1.45,2.4,0.9,2.4
39.4,3.38,10.6,1.32,6.5
49.5,9.57,0,4.29,0
58.8,3.07,0,0.67,0
66.5,1.95,0,0.49,0
71,3.87,0,1.2,0
72,4.38,0,1.05,0
65.2,7.44,0,2.87,0
53.8,1.88,0,0.63,0
44.3,2.91,3.9,0.8,2
35,3.66,7.2,0.99,4.3
26.7,4.45,43.3,0.75,13.4
31.1,2.7,17.7,0.86,5.5
35.2,3.89,14.5,1.3,6.1
49.7,3.17,0,0.81,0
52.2,3.98,0,0.92,0
68.3,1.46,0,0.58,0
73.3,3.37,0,2.04,0
74.4,2.88,0,0.6,0
67.9,1.78,0,0.98,0
54.7,9.41,1.1,2.89,1.1
45.9,3.71,0,1.61,0
32.5,2.87,10.7,0.84,8.6
36.5,4.6,8.1,0.9,4.4
31,2.64,20,0.98,17.5
38.7,0.56,0,0.3,0
49.8,1.83,0,0.61,0
57,12.48,0,3.84,0
68.1,10.09,0,2.89,0
75.9,3.58,0,1.29,0
71.4,3.2,0,0.84,0
64.6,1.72,0,0.5,0
54.3,4.5,0,2.02,0
49.1,5.8,0,1.83,0
41,1.89,0.8,0.81,0.4
32.7,2.57,1,0.86,0.6
26.1,2.2,4.6,1.62,2.5
37.4,4.31,10.2,1.48,7.9
45.2,6.71,0.5,1.42,0.3
61.4,3.7,0,1.72,0
68.5,2.12,0,1.46,0
72.9,5.26,0,2.32,0
72.7,0.66,0,0.28,0
67.6,1.81,0,1.28,0
59.2,2.08,0,0.64,0
43,2.8,0,0.85,0
32.4,5.25,26.9,1.25,10.1
33.4,2.69,8.3,1.41,7
32.5,7.94,15,2.66,8.9
38.2,4.66,1,1.88,1
49.3,2.98,0,0.95,0
57.7,2.73,0,0.99,0
70.3,3.46,0,0.78,0
75,6,0,2.16,0
70,4.47,0,1.31,0
65.3,6.45,0,1.86,0
53.3,1.41,0,0.4,0
43.4,4.57,0,1.77,0
35.7,7.1,25.3,2.29,8.8
24.8,3.35,23.7,1.17,9.3
32.9,1.94,6.2,0.78,4.2
37.5,2.51,10.7,0.69,6.9
50.5,4.13,0,1.17,0
59.5,2.69,0,0.57,0
63.3,3.22,0,0.56,0
70.5,6.9,0,1.93,0
73.6,3.24,0,1.65,0
63.2,3.09,0,2.11,0
51.9,5.17,0.1,1.18,0.1
48.8,3.34,0,1.49,0
33.2,3.91,15.2,1.03,10
29.6,2.91,13.2,0.81,6.4
33.2,3.34,7,1.28,5.3
43.9,14.87,0.2,3.4,0.2
53,1.78,0,0.88,0
62.8,2.9,0,1.2,0
70.3,3.18,0,0.71,0
77.2,2.66,0,1.65,0
73.4,5.75,0,2.76,0
68.7,1.8,0,0.68,0
55.6,3.9,0,1.29,0
44.8,2.96,0,0.9,0
32.7,3.61,22,1.15,9.9
27.6,4.01,38.3,1.4,14.6
30.5,4.57,18.3,1.63,6.8
38.9,2.08,1.1,0.54,0.6
50.1,4.04,0.9,1.33,0.9
59.2,3.23,0,1.07,0
67.1,4.76,0,1.82,0
77.3,2.04,0,0.72,0
73.9,7.74,0,1.43,0
67.3,4.4,0,1.17,0
57.5,6.77,1,1.17,0.6
50.4,4.21,0,1.46,0
40,3.97,0,1.6,0
34.1,2.67,6.8,0.92,2.9
37.3,1,0.9,0.54,0.9
46.7,1.21,0.6,0.58,0.4
53.1,3.09,0,1.48,0
60.3,3.43,0,0.85,0
66.7,4.71,0,1.19,0
75.3,3.88,0,1.74,0
74.6,3.08,0,1.17,0
64.7,4.1,0,0.79,0
56.5,2.62,0,1.06,0
42.1,1.01,0.4,0.33,0.3
38.4,5.93,3.4,1.67,2.2
31.5,1.08,5,0.37,3.2
31.1,5.26,34,1.37,14.8
37.7,3.32,20.6,1.35,10.5
48.9,1.37,0,0.38,0
58.8,3.22,0,0.84,0
69.6,10.5,0,3.07,0
77.1,3.61,0,1.76,0
72.1,1.84,0,1.62,0
64.7,2.21,0,0.57,0
56.7,0.61,0,0.31,0
42.7,2.72,0,1.79,0
33.4,4.62,11.7,1.32,6.4
27.5,3.24,21.8,0.79,10.6
29.1,4.13,22.9,1.35,10.7
33.5,4.48,2.2,2.23,1.5
48.1,3.24,0.3,0.67,0.3
58.7,2.86,0,0.65,0
68.3,2.62,0,0.85,0
74.1,4.57,0,1.88,0
70.8,1.75,0,1.06,0
66.2,0.7,0,0.22,0
56.4,5.83,0,2.25,0
42.5,5.27,2.6,1.64,2.3
38.3,6.56,0.3,2.9,0.3
